reward_id,project_id,reward_amount,reward_tier,delivery_date,message
1,30,305240,슈퍼후원,2025-06-09 23:46:23.033576,Aut labore incidunt quia quo. Nobis facilis enim odit. Dolore molestiae doloribus.
2,11,160330,일반,2025-06-08 05:31:11.720814,Cum ducimus dolorum voluptatibus explicabo. Iusto numquam assumenda aut.
3,10,645877,일반,2025-06-07 15:36:23.992988,Alias eos blanditiis accusamus. Vitae ea possimus a voluptate consectetur.
4,28,985416,VIP,2025-06-11 17:28:40.379357,Similique ipsa quae ex maiores non perspiciatis. Minima dolor facilis.
5,6,838207,얼리버드,2025-06-07 00:29:39.604434,Numquam quo quidem tenetur facilis. Qui amet nulla praesentium natus at totam.
6,11,430460,슈퍼후원,2025-06-08 05:55:08.222482,Expedita corrupti accusantium. Corrupti ex vel fugiat.
7,3,630367,얼리버드,2025-06-09 02:18:56.336505,Iusto corrupti praesentium. Pariatur possimus quibusdam. Doloribus enim quam.
8,15,517786,일반,2025-06-08 06:28:30.483724,Voluptatibus aperiam pariatur impedit minima. Voluptas voluptatum aspernatur itaque.
9,10,711199,얼리버드,2025-06-08 23:27:22.946732,Delectus quam officia. Quod eum blanditiis nam enim iure.
10,2,295922,얼리버드,2025-06-11 01:48:55.012401,Beatae labore quaerat. Eaque a quod. Voluptates laboriosam eum minus vitae.
11,22,108791,VIP,2025-06-08 15:26:56.963835,"Saepe perferendis debitis assumenda repudiandae cupiditate qui.
Cum ipsum voluptate eaque."
12,17,569254,슈퍼후원,2025-06-09 14:32:27.924085,Atque minima modi quas. Corporis sint nam corrupti a.
13,29,382747,슈퍼후원,2025-06-10 03:57:45.138354,Autem iure animi velit aliquid. Praesentium ipsam eius occaecati fugiat harum.
14,26,737235,일반,2025-06-10 14:19:19.341445,Inventore corrupti ipsum repellendus optio dolores. Deserunt eum enim provident.
15,18,239013,일반,2025-06-10 13:49:00.538908,Alias distinctio veniam aspernatur eum. Nobis vel fugiat nulla eos odio rem.
16,22,109488,VIP,2025-06-09 19:47:42.759144,Laboriosam consequuntur qui atque sint sed. Praesentium odio aspernatur quod labore odit natus.
17,21,187664,얼리버드,2025-06-06 20:18:28.649239,Provident tempora eveniet voluptatem ea. Placeat quaerat odio nisi.
18,21,767621,슈퍼후원,2025-06-08 21:08:14.970994,Eum optio sunt ex.
19,20,997123,VIP,2025-06-06 22:37:06.039999,Distinctio accusantium iste accusamus nam cumque.
20,1,663682,슈퍼후원,2025-06-10 00:09:35.753053,Quia ea atque reiciendis saepe reiciendis dolorum. Sunt consectetur possimus earum.
21,7,408327,슈퍼후원,2025-06-07 09:31:47.524979,Odio molestias ducimus officia beatae nostrum cum in. Dicta consequuntur omnis.
22,10,828958,슈퍼후원,2025-06-10 01:45:53.807693,Dignissimos esse illum perferendis. Occaecati voluptatum ex repellendus.
23,24,311027,VIP,2025-06-11 18:26:17.304577,Sed fuga sed. Dolor praesentium sint.
24,26,723001,일반,2025-06-10 17:19:28.317290,Mollitia totam vero ad. Earum sit provident sequi earum doloremque.
25,2,810329,슈퍼후원,2025-06-10 23:55:48.293702,Facilis aperiam repellendus eum.
26,30,273703,얼리버드,2025-06-06 17:29:36.741728,Optio laboriosam fugiat nulla nostrum totam. Maxime officiis explicabo doloremque.
27,18,29366,VIP,2025-06-10 14:18:20.941556,Minus adipisci modi accusantium ipsa doloremque earum.
28,29,689575,VIP,2025-06-07 19:49:34.059733,Asperiores ipsam sint itaque temporibus vel quasi.
29,12,795847,일반,2025-06-12 02:14:27.108239,Placeat quasi sunt aperiam rem necessitatibus. Perspiciatis placeat ad repudiandae.
30,7,746459,VIP,2025-06-09 07:57:05.860502,Corporis non deserunt. Distinctio deserunt perspiciatis praesentium.
31,17,61884,일반,2025-06-08 14:07:55.258600,Distinctio reiciendis laudantium vel sequi dolorum.
32,11,81545,얼리버드,2025-06-08 01:24:50.767188,Rem libero quos tenetur. Ut quos vel. Facilis facilis eius ipsa occaecati iste molestiae.
33,9,950007,VIP,2025-06-12 03:45:00.609390,Nemo voluptatum qui enim. Assumenda ut autem culpa.
34,17,767987,VIP,2025-06-11 15:03:05.195642,Quo repellat odio et illo. Nihil atque voluptatibus voluptatibus quisquam.
35,11,848516,VIP,2025-06-12 01:59:26.962847,Amet veniam blanditiis id unde.
36,25,875949,일반,2025-06-09 18:14:04.238304,Minima enim incidunt. Libero aliquam voluptates optio perferendis ratione nulla.
37,7,635128,슈퍼후원,2025-06-10 16:55:17.333188,Odit quia ex vitae. Mollitia animi at unde in.
38,8,358729,일반,2025-06-10 12:06:34.592941,Voluptas minus recusandae sequi perferendis iusto. Vel unde voluptatibus sunt iusto voluptate.
39,19,862935,VIP,2025-06-07 04:28:38.976645,Eaque officia ratione sed laudantium. Modi blanditiis explicabo rerum odio est.
40,5,804614,VIP,2025-06-10 13:04:48.727791,Beatae iusto accusamus ut sit.
41,20,223511,VIP,2025-06-09 00:27:03.279397,Debitis unde magnam possimus. Eius illum architecto doloribus. Recusandae vel id consequatur eum.
42,12,67668,얼리버드,2025-06-10 20:12:55.042076,Eos error sequi commodi laborum. Libero porro quis eligendi eaque beatae.
43,6,120178,얼리버드,2025-06-07 16:34:46.602837,Omnis inventore tempore quae corrupti est a dolor.
44,16,653936,얼리버드,2025-06-08 09:35:11.306764,"Illum deserunt modi nam alias ex a.
Id id labore a.
Quo veritatis nisi dolorem dicta iure officia."
45,6,982160,VIP,2025-06-06 10:05:45.919338,Quas sed voluptas voluptatibus. Accusantium assumenda autem illo veritatis dolorem. Quo quod ab.
46,27,745282,일반,2025-06-07 21:35:19.652447,Quia culpa accusantium laborum sint adipisci.
47,1,309234,슈퍼후원,2025-06-09 06:33:26.737249,Repudiandae animi tenetur aliquam nihil sed.
48,10,303377,VIP,2025-06-10 04:52:13.596948,Officia aliquam similique enim. Tenetur nemo velit officiis ut id minus.
49,30,260763,슈퍼후원,2025-06-07 19:37:02.710816,Deleniti neque exercitationem sequi eius delectus. Illo voluptates modi voluptatem.
50,18,383764,일반,2025-06-12 04:08:16.084889,Pariatur officia dolor at nam quas. Accusantium dolore laborum debitis cumque assumenda ut.
51,8,606869,VIP,2025-06-07 06:43:29.681522,Rerum facere veritatis enim natus suscipit. Ab nam magni dicta quasi.
52,24,546238,슈퍼후원,2025-06-07 03:32:14.858160,Rerum atque molestias molestiae. Non cum consectetur perspiciatis.
53,13,104199,일반,2025-06-09 09:59:04.097658,Voluptates mollitia ipsam corrupti dolores incidunt animi.
54,30,985902,슈퍼후원,2025-06-09 19:53:39.248759,Consequuntur distinctio sit cupiditate officiis itaque. Aspernatur voluptatem quia quas.
55,28,215518,얼리버드,2025-06-08 16:18:23.100066,Alias voluptatem quae aspernatur. Accusamus molestias ab non nobis velit quaerat.
56,23,308841,슈퍼후원,2025-06-11 13:21:41.655478,Aliquid adipisci iure. Rem pariatur ex exercitationem repellat incidunt.
57,21,152402,VIP,2025-06-09 22:27:57.609853,Ratione reprehenderit corporis deserunt error dicta natus. Consequatur ut quia hic.
58,13,10152,일반,2025-06-06 17:37:16.712847,Odit ut quod neque iusto eum eaque id. Saepe assumenda aspernatur quasi.
59,8,376491,슈퍼후원,2025-06-11 20:37:24.574781,Nemo nulla temporibus quidem. Est voluptatibus ad architecto. Ab quam praesentium culpa.
60,22,657128,일반,2025-06-09 10:57:32.923420,Eveniet nostrum pariatur earum natus cum debitis.
61,22,978022,VIP,2025-06-07 04:17:49.269863,Dicta nulla ex aliquid beatae. Voluptate necessitatibus occaecati eveniet esse quas.
62,13,876075,일반,2025-06-07 18:02:36.225365,Non corrupti dolore cum corporis. Modi laboriosam autem assumenda modi.
63,15,177509,슈퍼후원,2025-06-10 06:42:38.810572,Laborum saepe ipsum. Doloremque quos laborum debitis in officia molestiae.
64,1,635143,VIP,2025-06-08 09:00:11.290796,Dolorem voluptatum voluptatibus dolores ratione.
65,2,230001,얼리버드,2025-06-07 01:58:58.837444,Quasi doloribus ducimus totam. Accusamus natus numquam. Sapiente magnam quaerat harum.
66,4,858878,슈퍼후원,2025-06-07 01:50:46.256105,Nihil ab magni sed illum maiores. Incidunt ipsum eius numquam.
67,23,245586,VIP,2025-06-12 03:27:23.100617,Officiis saepe commodi alias praesentium quidem amet ipsa. Corrupti vero aliquid beatae.
68,5,894993,일반,2025-06-11 16:28:37.915044,Est veritatis sapiente. Beatae iusto debitis nobis error.
69,1,401518,VIP,2025-06-06 09:36:27.727398,Harum quos odit tenetur rerum laudantium dolorem. Quidem tempora est expedita expedita.
70,30,780299,VIP,2025-06-07 16:24:01.419188,Maxime assumenda qui ea. Nisi similique delectus iste eligendi nisi molestias.
71,4,160612,VIP,2025-06-11 19:32:47.156192,Et id suscipit nesciunt.
72,16,463039,일반,2025-06-10 10:58:01.736472,Quia earum pariatur vitae possimus. Animi nihil magnam odio deserunt eius.
73,21,246465,일반,2025-06-07 08:30:15.440551,Sint culpa totam eaque. Fuga officia earum facere quasi repellat minima.
74,26,75006,슈퍼후원,2025-06-11 18:38:14.405908,A accusamus rem perferendis aliquid eaque illo. Dolores officia quis.
75,5,405188,VIP,2025-06-09 11:01:46.111263,Distinctio eum est ad quae adipisci. Praesentium fugit repellendus suscipit vero ullam.
76,13,449813,VIP,2025-06-11 20:54:32.351872,Et ex sed reprehenderit hic. Placeat aspernatur eveniet vitae vel recusandae.
77,19,306585,일반,2025-06-07 09:41:57.241713,Cum rerum ut mollitia architecto recusandae vero.
78,1,204569,VIP,2025-06-07 23:04:09.737627,Occaecati fugiat magnam eaque ducimus recusandae. Eum saepe suscipit deserunt fugiat.
79,20,420565,얼리버드,2025-06-10 14:43:22.173748,Eum adipisci voluptas. Odio ipsam dicta corporis. Libero quidem esse vitae libero.
80,15,942251,얼리버드,2025-06-09 21:16:29.507401,Ea quae at hic voluptas eum. Non odit inventore fugiat reiciendis libero ex ab.
81,19,815828,슈퍼후원,2025-06-08 04:30:38.106530,Sint dolorum vero beatae sed. Voluptatum optio laudantium magnam velit quasi.
82,7,456859,슈퍼후원,2025-06-09 20:40:48.121228,Aliquam facilis earum. Similique maxime cupiditate consequuntur aperiam.
83,16,75008,얼리버드,2025-06-09 22:33:16.990360,Consectetur ab sunt illo dignissimos soluta quia quis. Possimus facere et deleniti.
84,26,589785,일반,2025-06-09 09:44:22.313524,Ad error sit porro optio quia porro.
85,30,488992,일반,2025-06-10 14:35:47.395884,Qui omnis ratione. Fugit necessitatibus amet quam similique voluptas doloremque.
86,3,751376,일반,2025-06-11 12:48:15.029119,Distinctio amet laboriosam inventore. Sequi necessitatibus eaque fugit.
87,20,608840,슈퍼후원,2025-06-11 21:52:22.096529,"Iusto quaerat nulla voluptas.
Dolorum quos aut adipisci. Ipsum facere pariatur beatae eveniet quo."
88,3,449783,얼리버드,2025-06-10 12:13:30.722428,Corrupti minus quo aperiam neque. Quo ullam possimus natus rem inventore.
89,5,929772,슈퍼후원,2025-06-11 20:55:33.485029,Quaerat quod accusantium atque. Voluptatibus veritatis similique dolorem debitis.
90,3,847397,VIP,2025-06-08 14:48:25.150167,Deleniti laborum recusandae reprehenderit ex libero odit. Molestias eos ipsa ab totam libero ipsam.
91,6,275079,얼리버드,2025-06-08 14:30:04.026548,Recusandae optio porro. Culpa itaque praesentium culpa suscipit quibusdam maiores.
92,11,854021,일반,2025-06-10 10:46:27.870115,Quas hic molestias pariatur. Quaerat in tempore neque a vel nulla at.
93,5,920801,슈퍼후원,2025-06-08 06:01:33.600013,Laboriosam et neque quae. Impedit occaecati quaerat qui.
94,30,347911,얼리버드,2025-06-07 20:09:26.594220,Beatae maxime cumque consectetur.
95,6,714164,VIP,2025-06-08 21:13:00.149492,Corrupti exercitationem repellat aperiam soluta temporibus assumenda. Illum quidem ex amet.
96,4,713253,슈퍼후원,2025-06-10 07:08:39.166660,Doloremque officia dolor aperiam vel ut sit ducimus. Omnis beatae nobis ullam ut praesentium.
97,17,661346,얼리버드,2025-06-10 11:50:36.480394,Quisquam aliquid vitae dolorem beatae. Quidem unde tenetur veritatis repellendus ipsum.
98,29,232719,VIP,2025-06-06 16:05:32.650410,Asperiores voluptates assumenda numquam sapiente laboriosam. Animi illum facere nostrum magni.
99,1,371451,일반,2025-06-10 10:25:24.247516,Alias excepturi ab eos. Odio earum dolores hic facilis.
100,9,614890,슈퍼후원,2025-06-09 13:33:20.585416,Minus quod unde. Reiciendis molestiae reprehenderit fuga vero minus deleniti.
101,12,887886,일반,2025-06-09 23:23:25.056657,Est eligendi veritatis nemo adipisci eveniet. Autem non consequuntur ad.
102,18,518715,VIP,2025-06-09 20:19:21.548357,Laborum totam eius eius.
103,11,863110,일반,2025-06-11 07:41:27.730828,Tenetur optio rem accusamus cumque. Amet officiis dolores esse eius eaque.
104,28,335534,얼리버드,2025-06-08 02:25:54.846054,Ut aliquam iure aperiam sequi. Qui sunt facere quam nemo aliquid. Molestiae ullam vel odio sunt.
105,18,717514,일반,2025-06-11 09:43:00.687193,Officia in nam. Dicta incidunt tenetur ex similique quis veniam. Explicabo impedit voluptas cumque.
106,6,620545,슈퍼후원,2025-06-08 18:11:52.806012,Non sapiente aliquam rem provident adipisci. Rem quos itaque fugiat aperiam.
107,17,430973,VIP,2025-06-06 11:01:41.500892,Quod impedit nobis reprehenderit. Dignissimos eum quisquam sed fugit iure sed voluptate.
108,24,616630,얼리버드,2025-06-10 01:00:25.668658,Mollitia quibusdam atque ab. Doloremque impedit tempore eligendi molestiae officia nam.
109,12,570893,슈퍼후원,2025-06-07 07:39:39.803787,Similique vel eligendi doloremque. Explicabo quos alias eius harum.
110,16,925604,얼리버드,2025-06-08 09:49:42.156478,Quisquam placeat id hic. Quaerat qui dolorum ipsum.
111,5,263274,얼리버드,2025-06-11 07:55:02.198348,Voluptatem similique aliquam.
112,1,852608,슈퍼후원,2025-06-09 10:18:36.459984,At at veritatis ratione. Neque doloribus ad at maxime quasi omnis voluptates.
113,18,578093,VIP,2025-06-07 06:19:40.326814,Illo ad odio quia. Veritatis minus deleniti reiciendis ducimus voluptatem.
114,14,55178,얼리버드,2025-06-06 21:57:15.141968,Fugit omnis vitae fuga ipsa et. Et reiciendis amet modi.
115,22,642589,VIP,2025-06-08 20:49:54.520731,Corrupti voluptatum iure porro iusto. Voluptates quisquam cumque dignissimos.
116,7,451756,슈퍼후원,2025-06-07 15:40:49.328613,Facere iusto illo molestias quidem neque. Quos cum maiores eaque voluptatibus.
117,2,173339,슈퍼후원,2025-06-08 06:17:59.210784,Soluta quam necessitatibus quidem ducimus illum esse veritatis. Nam facere ad.
118,14,191150,얼리버드,2025-06-11 19:59:44.732469,Vitae fuga quidem natus sunt tenetur corrupti adipisci.
119,26,177231,VIP,2025-06-07 00:43:43.898480,Nisi dolores veritatis illum dolorum non alias ea. Placeat voluptatibus enim sint.
120,29,447025,얼리버드,2025-06-09 04:43:47.575206,Neque quod nemo suscipit impedit. Possimus debitis magnam nulla deleniti blanditiis.
121,29,262740,슈퍼후원,2025-06-08 06:16:18.314811,Nisi omnis eum consequuntur voluptatibus. Nam doloribus voluptatum.
122,30,249286,슈퍼후원,2025-06-09 07:43:50.574748,Ipsam quibusdam perspiciatis veniam cumque aliquam molestias. Hic eaque sed eligendi repellendus.
123,4,611647,슈퍼후원,2025-06-07 00:54:25.295214,Quasi consequatur unde eum. Quidem deserunt sit fugiat recusandae nobis aperiam modi.
124,1,379059,일반,2025-06-11 08:50:23.667200,Quidem fugiat quisquam labore. Minima velit temporibus optio provident fugiat.
125,23,947712,슈퍼후원,2025-06-09 14:14:20.519826,Voluptatum odio labore. Tempora expedita nam minima eos veritatis.
126,13,305087,얼리버드,2025-06-10 01:53:34.117362,Veritatis harum quisquam assumenda facere nobis repellendus non. Hic omnis vitae dignissimos.
127,6,580916,VIP,2025-06-11 07:23:02.327424,Sit eligendi velit provident. Nemo voluptatibus possimus.
128,8,307375,VIP,2025-06-11 00:06:14.354601,Magnam vitae debitis sit amet. Repellat exercitationem saepe sint impedit. Dicta ea laborum.
129,15,476085,얼리버드,2025-06-11 05:50:12.289789,Dolor maiores aspernatur occaecati. Omnis amet id amet.
130,27,648921,일반,2025-06-06 19:50:19.682334,Sapiente eligendi velit magni mollitia repellat. Quos excepturi sequi sed vel.
131,25,345928,슈퍼후원,2025-06-08 09:37:58.458589,Vitae repudiandae culpa adipisci nulla fugit. Quod delectus officia quod excepturi minus nemo.
132,20,621407,VIP,2025-06-11 04:20:50.086972,Deserunt natus officia ullam. Culpa saepe voluptates vitae.
133,17,911655,얼리버드,2025-06-11 18:42:23.618355,Amet corporis vitae voluptates eius perferendis. Recusandae mollitia et culpa beatae.
134,10,673495,슈퍼후원,2025-06-11 20:54:29.556509,Recusandae dolores dolores aliquam.
135,10,834689,얼리버드,2025-06-11 14:43:34.419253,Ullam commodi maiores sint harum impedit. Omnis tempora ut animi perferendis.
136,18,789549,VIP,2025-06-11 18:33:29.391687,At quaerat perferendis libero. Quidem rem recusandae.
137,15,468548,얼리버드,2025-06-08 05:22:47.447880,Ad nemo nobis molestias fugiat recusandae aspernatur. Fugiat illo totam modi minima.
138,28,765475,슈퍼후원,2025-06-11 07:50:25.689510,Blanditiis aliquam beatae sapiente. Maxime nulla autem nihil eveniet vero ut.
139,23,576845,얼리버드,2025-06-11 13:03:54.824246,Iure ratione nam voluptatibus.
140,3,400619,슈퍼후원,2025-06-10 04:10:03.344909,Odit quia eius earum dignissimos earum voluptate. Veritatis iste atque.
141,4,392072,일반,2025-06-06 15:21:49.763913,Unde dolorem adipisci fugit. Voluptatum neque ex sed. Dolore iure rem dolores aut numquam itaque.
142,16,177598,슈퍼후원,2025-06-06 09:32:58.686882,Id consectetur magni explicabo eveniet delectus quia. Quaerat delectus ut aut.
143,15,269210,일반,2025-06-07 13:50:10.460931,Repudiandae officiis esse repudiandae doloremque. Vitae totam optio impedit delectus incidunt.
144,22,346335,VIP,2025-06-10 06:32:33.029657,Expedita vitae non vero magni dolorum. Quos officiis a unde error asperiores voluptates.
145,5,508143,VIP,2025-06-10 23:04:57.420612,Tempore veniam asperiores. Tempore voluptatibus quos autem soluta voluptatum maxime.
146,27,153719,VIP,2025-06-07 04:15:34.265338,At sint consequatur adipisci quod doloremque. Sunt ea ad esse voluptates modi.
147,24,815880,일반,2025-06-08 19:19:40.056790,Minima dignissimos aut fugit quidem natus. Vero earum molestias ex hic.
148,4,837263,일반,2025-06-06 10:56:21.600922,Laboriosam debitis voluptatibus adipisci tempora.
149,23,714959,일반,2025-06-08 23:33:48.950861,Ducimus quam voluptates voluptatibus similique aliquid. Dolores libero natus.
150,23,871863,일반,2025-06-07 00:08:25.276029,Ipsa nobis odit corporis quo cupiditate deleniti. Accusamus sint enim nam error sed voluptatem.
151,24,133721,일반,2025-06-06 13:38:47.865486,Laudantium inventore repudiandae magnam quam sed vel. Eos eius dolorem nobis fugiat.
152,11,202681,VIP,2025-06-06 21:22:50.471780,Minus unde consectetur aperiam quos itaque facere. Quibusdam recusandae optio quod nostrum eaque.
153,24,540553,일반,2025-06-11 17:17:37.094015,Neque ad delectus quaerat doloremque esse. Iste ducimus qui nihil. Esse voluptate porro quam.
154,2,742900,슈퍼후원,2025-06-09 23:10:21.581008,Odio recusandae possimus odio hic excepturi ipsam doloremque. Ea dicta sit tenetur pariatur.
155,9,531132,얼리버드,2025-06-08 22:33:34.558158,Voluptate esse facere. Quae facilis eveniet facilis ullam.
156,26,447633,일반,2025-06-10 02:45:36.259465,Maxime atque neque aspernatur atque. Repellendus numquam modi accusamus rerum nesciunt tempore.
157,3,460351,얼리버드,2025-06-09 09:03:04.213924,"Explicabo nobis rem ut fugit magnam illo.
At occaecati repellat distinctio amet."
158,14,256732,슈퍼후원,2025-06-10 13:36:17.343980,Voluptates aut alias quasi aliquid magni ex. Suscipit delectus nemo est maxime facere praesentium.
159,1,791428,일반,2025-06-06 10:58:07.754628,Ducimus maiores ex odit. Est architecto expedita modi ab provident. Eius quo fugit animi odio aut.
160,10,281566,VIP,2025-06-11 21:54:34.846373,Beatae officia eaque dolores nobis. Corrupti unde fuga. Nihil magnam ratione porro.
161,13,782043,얼리버드,2025-06-07 15:16:27.070886,Labore repudiandae minus illum eos porro officia.
162,12,86444,VIP,2025-06-08 23:40:46.072863,Delectus eaque officia facere quia dolorem nihil. Ratione perferendis nostrum.
163,10,767494,일반,2025-06-08 12:05:43.480074,Accusamus molestiae animi laboriosam. Sed quo modi nisi.
164,10,745256,슈퍼후원,2025-06-08 10:58:37.435080,Numquam possimus sed iure illo saepe labore. Quia ex error iusto.
165,4,275963,얼리버드,2025-06-11 10:39:40.964427,Fuga minima ut expedita. Eum quaerat aliquam minima repellendus sint.
166,10,419265,슈퍼후원,2025-06-12 02:38:24.333168,"Quidem deleniti cum architecto nemo ad.
Commodi tempora a."
167,18,936310,VIP,2025-06-08 01:07:02.813416,Vero optio officia repellat. Et quas sint odio magnam voluptatem.
168,12,242213,VIP,2025-06-07 16:01:26.297738,Eum debitis qui error. Temporibus esse aperiam quae.
169,18,266934,VIP,2025-06-12 08:27:50.324435,Ut non necessitatibus inventore assumenda sit quae. Magni dolorum deleniti culpa.
170,16,870996,VIP,2025-06-09 18:29:35.422915,Tenetur occaecati facere vero veniam repellendus culpa. Minus mollitia sapiente omnis.
171,2,364421,일반,2025-06-06 22:55:33.690743,Delectus vel esse vero sint. Quibusdam neque commodi sunt placeat natus.
172,25,244493,일반,2025-06-06 19:38:46.840888,Qui autem eius numquam laborum earum suscipit esse.
173,1,228818,얼리버드,2025-06-07 09:25:47.129647,Aliquam distinctio officia iure. Excepturi explicabo nisi animi quo.
174,9,797490,VIP,2025-06-07 05:16:43.859098,Beatae quisquam ea laboriosam. Magni animi vel dignissimos nemo id dignissimos distinctio.
175,17,263132,슈퍼후원,2025-06-12 06:20:32.806314,Ipsum debitis eius corrupti ad facilis.
176,3,447080,일반,2025-06-10 18:03:30.501240,Pariatur hic aperiam quod provident. Sit officia pariatur distinctio saepe autem omnis explicabo.
177,28,494757,일반,2025-06-08 07:17:39.039944,Unde numquam esse aperiam. Blanditiis ipsam quibusdam ex.
178,9,107172,슈퍼후원,2025-06-07 02:52:26.464114,Enim iste distinctio placeat ex perferendis dolore.
179,19,208759,일반,2025-06-09 10:53:25.077366,Cum rerum ab corrupti. Dicta commodi ut. Ad nobis dolorum laboriosam magnam deserunt velit.
180,30,39960,일반,2025-06-08 23:44:24.213901,Eaque nemo quae perspiciatis nulla aliquam. Nisi ipsum illo. Voluptates excepturi neque.
181,6,427259,일반,2025-06-06 12:06:08.079164,Eius vitae illum quas deleniti recusandae consequuntur omnis. Beatae quis nisi recusandae.
182,7,695469,VIP,2025-06-08 12:42:29.185223,Soluta vero placeat. Expedita sit quidem dolore repellendus pariatur.
183,10,767123,슈퍼후원,2025-06-06 16:55:07.536167,Assumenda modi ex omnis asperiores eveniet incidunt.
184,19,23299,VIP,2025-06-08 18:14:37.951349,Quos nam error. Fugiat laborum non.
185,8,168578,VIP,2025-06-07 01:17:46.405843,Suscipit quasi delectus autem accusamus beatae. Sunt esse laudantium.
186,22,958281,일반,2025-06-07 06:43:04.325704,Iure praesentium fugit quod. Ab unde tenetur. Est recusandae ex minima reprehenderit odit libero.
187,17,713588,VIP,2025-06-08 21:50:14.367713,Atque aliquid consectetur maiores illum repellendus rem.
188,8,862481,일반,2025-06-06 23:22:30.226279,Iure architecto aperiam provident quod nobis. Rerum harum iste minus vitae.
189,7,801652,슈퍼후원,2025-06-11 09:37:17.089270,Neque delectus molestiae suscipit amet.
190,10,289501,슈퍼후원,2025-06-07 19:46:42.630530,Consequuntur rerum omnis officia dolorem quas maxime. Perspiciatis quod quasi sit.
191,6,734204,VIP,2025-06-08 09:58:45.603458,Commodi laborum laboriosam minima. Consequatur expedita eaque.
192,24,326114,얼리버드,2025-06-08 03:57:39.052743,Expedita debitis totam quibusdam voluptatem id. Modi consequuntur recusandae fuga fuga.
193,23,366393,슈퍼후원,2025-06-10 16:35:56.680724,Aliquam similique enim officia.
194,13,868318,일반,2025-06-07 08:28:08.419253,Hic maiores enim quia numquam aperiam. Molestias illum illum.
195,12,507391,일반,2025-06-09 21:39:54.227270,Molestias alias ipsum asperiores. Laudantium repellat ad id. Nisi optio porro odit sint a maxime a.
196,10,551904,슈퍼후원,2025-06-08 23:46:16.923705,Neque voluptates laboriosam similique illo similique sed.
197,28,473143,얼리버드,2025-06-12 05:06:23.177822,Quaerat tenetur cum eum minus pariatur. Saepe dolorem velit odio.
198,28,692582,VIP,2025-06-07 13:18:28.251667,Quo ea hic exercitationem maxime alias. Quos est quod tempora impedit.
199,16,949375,VIP,2025-06-10 21:03:20.050823,Corporis exercitationem reiciendis.
200,2,985453,VIP,2025-06-11 08:51:33.592452,Et suscipit ullam. Libero id ea dolorum dolor quaerat eum impedit.
201,28,643248,VIP,2025-06-11 01:06:10.152115,Sed quaerat culpa debitis dolorum inventore accusantium. Eius quasi asperiores at molestias.
202,30,385936,얼리버드,2025-06-07 18:06:49.926244,Cum ut aperiam sequi reprehenderit quibusdam accusamus. Magnam cupiditate qui.
203,12,770293,얼리버드,2025-06-08 06:19:47.980317,Officia aspernatur minus debitis dicta. Unde inventore laboriosam.
204,1,717048,슈퍼후원,2025-06-08 22:58:08.610403,Libero aspernatur hic.
205,21,453894,얼리버드,2025-06-08 04:15:21.187104,Unde minima sed quae iste incidunt saepe quasi. Eaque nisi repudiandae mollitia.
206,29,979360,얼리버드,2025-06-08 03:28:26.258507,Sed nemo autem. Corrupti aut quisquam delectus cupiditate earum. Tempora expedita itaque.
207,5,718430,얼리버드,2025-06-09 01:05:02.116016,Quos assumenda harum voluptatibus cupiditate. Voluptates amet occaecati deserunt.
208,25,551403,VIP,2025-06-07 14:52:01.474038,Id numquam distinctio quo fuga eaque itaque.
209,16,980457,슈퍼후원,2025-06-11 16:35:20.119895,Quia omnis autem iste ex. Nemo deleniti praesentium earum nihil ab.
210,9,632266,VIP,2025-06-09 11:04:27.570673,Ad at quibusdam ipsam quo atque tempore. Commodi beatae eveniet.
211,2,71597,일반,2025-06-10 05:34:47.040151,Inventore deleniti magnam assumenda nihil. Aliquid ducimus voluptatibus. Commodi tenetur non quo.
212,24,179185,VIP,2025-06-07 10:20:03.794761,Voluptatibus nemo repudiandae vel. Minima a mollitia assumenda ipsa sint soluta.
213,30,220253,얼리버드,2025-06-11 00:55:16.623171,Aliquam consequatur suscipit. Cum iusto eveniet est pariatur dicta quos perspiciatis.
214,27,718347,얼리버드,2025-06-11 02:31:01.178118,"Illo quasi ducimus nihil blanditiis.
Quas nemo ipsa. Beatae molestias vel nisi."
215,9,135334,VIP,2025-06-08 03:54:33.407612,Doloribus dolores repudiandae in cum. Error labore eveniet veritatis.
216,30,187159,슈퍼후원,2025-06-10 17:30:24.367682,Quae a perferendis atque. Nemo velit quas at. Nam illum perferendis in.
217,5,965570,일반,2025-06-08 04:52:41.863585,Quos aspernatur nostrum similique sed natus nihil aperiam.
218,13,150728,일반,2025-06-07 05:30:06.659193,Repudiandae distinctio inventore. Deserunt molestiae ea ipsam. Odit nobis eos deleniti.
219,7,794960,얼리버드,2025-06-06 14:58:39.455490,Expedita labore fugiat quas provident. Magni dolor ducimus deserunt.
220,30,67523,얼리버드,2025-06-10 07:46:20.725394,Magni quia sit tempora. Id sequi fuga a quis quisquam possimus.
221,20,46184,VIP,2025-06-09 06:28:13.810278,Quia nemo deleniti sequi.
222,14,641301,슈퍼후원,2025-06-10 04:27:17.222154,Nemo consectetur quasi veniam vero. Aliquam expedita natus praesentium quibusdam adipisci in.
223,16,288068,VIP,2025-06-08 21:33:24.388019,Error occaecati similique minus. Repudiandae sunt neque consequuntur. Minima ut provident maiores.
224,19,723615,VIP,2025-06-08 21:30:50.502661,Commodi sequi occaecati.
225,11,804386,슈퍼후원,2025-06-09 09:54:35.024398,Sunt recusandae animi libero blanditiis libero fuga.
226,16,856600,일반,2025-06-10 06:17:57.571166,Tempore mollitia fugiat non illo vero modi mollitia. Dolor cupiditate nam omnis iusto.
227,15,127457,슈퍼후원,2025-06-12 00:08:11.288350,"Cum tempora ducimus ipsam.
Cupiditate occaecati velit ex facere eaque."
228,13,590944,VIP,2025-06-11 13:15:45.690994,Sequi consectetur ut. Dolores dignissimos aspernatur.
229,8,943465,일반,2025-06-07 20:59:11.677964,Architecto mollitia officiis quisquam. Cum mollitia rerum.
230,5,999581,VIP,2025-06-10 14:04:03.791166,Ab iure id magnam doloribus ab atque.
231,16,61182,얼리버드,2025-06-08 02:27:20.806024,Iusto enim aperiam sint facere nulla. Optio sunt pariatur doloribus perspiciatis similique id.
232,6,419392,VIP,2025-06-07 12:18:38.097006,Quo corporis harum omnis. Praesentium tempore quidem veritatis reprehenderit praesentium laborum.
233,28,177273,슈퍼후원,2025-06-08 01:58:12.986386,Corrupti cumque natus quos debitis corporis quis.
234,17,8577,VIP,2025-06-11 01:07:32.628681,Cum in recusandae amet. Laborum repudiandae nostrum.
235,12,763853,슈퍼후원,2025-06-07 19:30:29.265916,Dolorem eaque dolorem fugiat. Aliquam temporibus animi iusto.
236,6,973081,일반,2025-06-12 01:52:15.580086,Ex beatae ducimus voluptatibus officiis.
237,8,736454,슈퍼후원,2025-06-10 09:45:17.379354,Delectus perferendis reiciendis velit voluptatem quia ex. Nostrum sed enim provident omnis nisi at.
238,10,572464,VIP,2025-06-06 09:49:11.367999,Error animi quis quisquam. In error esse mollitia aliquid eligendi reiciendis tempore.
239,29,13022,얼리버드,2025-06-08 02:21:26.916167,Dolores occaecati odio quo.
240,8,560511,얼리버드,2025-06-09 17:52:16.808874,Itaque doloremque facilis id ex.
241,14,946272,얼리버드,2025-06-06 18:58:04.665793,Debitis dolorum fugit neque. Cupiditate incidunt ab.
242,16,164281,얼리버드,2025-06-07 07:03:31.602226,Omnis accusamus explicabo nesciunt quasi sed laborum deserunt. Expedita aperiam numquam quod.
243,20,651550,일반,2025-06-11 16:09:19.658904,Quo minima vitae soluta eaque possimus.
244,4,749161,VIP,2025-06-08 06:34:41.543189,Rem nulla ad molestias voluptates. Ipsam exercitationem deleniti unde quam corrupti sed.
245,1,744888,일반,2025-06-10 16:14:40.007459,Sint quia numquam. Neque architecto maxime minima.
246,5,771497,얼리버드,2025-06-06 17:08:30.146012,Corrupti porro neque quod. Itaque dicta facilis dolorem perspiciatis porro repellendus.
247,7,845115,VIP,2025-06-09 21:17:03.433134,Facilis voluptas est ipsum cumque deleniti. Fuga soluta eaque dignissimos.
248,28,976743,VIP,2025-06-12 06:31:11.475855,Asperiores blanditiis nihil nam. Sapiente esse quos.
249,8,395714,슈퍼후원,2025-06-07 15:23:52.737297,Quia veritatis optio nobis repellat accusantium. Ex doloremque minima unde occaecati.
250,24,323976,얼리버드,2025-06-06 23:52:15.833268,Aliquid tenetur qui sunt laudantium reiciendis. Adipisci possimus assumenda debitis.
251,7,75757,일반,2025-06-11 08:58:26.284825,Sapiente qui veritatis soluta. In deserunt placeat minima possimus.
252,7,147659,일반,2025-06-08 02:12:58.557962,Explicabo suscipit cum a.
253,2,410336,슈퍼후원,2025-06-07 17:22:41.827559,Iste natus quod ratione voluptatum explicabo molestias. Error corrupti ut deleniti facilis harum.
254,7,79097,슈퍼후원,2025-06-10 11:15:16.491320,Possimus iusto cumque eum.
255,7,313446,VIP,2025-06-07 22:50:18.137677,Tempora minima neque fuga. Possimus expedita dolores asperiores fuga. Nostrum ipsam odio.
256,3,239662,VIP,2025-06-10 11:39:41.301109,Porro odio vel aut saepe. Delectus soluta dicta cupiditate neque iste aspernatur corrupti.
257,27,65602,일반,2025-06-06 11:05:48.249317,Nemo iure eaque placeat amet. Accusantium accusantium corporis assumenda dolor maiores.
258,15,529043,VIP,2025-06-06 12:25:43.049314,Doloribus culpa adipisci. Voluptatum voluptatibus iure.
259,30,469923,슈퍼후원,2025-06-07 12:07:46.675500,Beatae veritatis delectus illum voluptatum soluta harum neque.
260,30,108866,일반,2025-06-06 15:45:56.763734,Aperiam labore ea cumque a quo blanditiis expedita. Culpa recusandae consequatur. Harum et non cum.
261,10,48896,얼리버드,2025-06-11 16:08:03.081043,Fuga molestias voluptatibus possimus. In nostrum reiciendis totam consequatur.
262,15,122662,일반,2025-06-07 02:52:55.406319,Ab veritatis aliquid voluptatum earum. Accusamus eum animi sequi.
263,28,772927,얼리버드,2025-06-09 21:55:13.787214,At sed expedita optio error itaque voluptas. Recusandae illum amet adipisci consequatur.
264,26,506842,일반,2025-06-07 16:08:23.325254,Neque corrupti consequatur dolore quam.
265,23,343887,슈퍼후원,2025-06-10 22:50:40.295796,Cumque minus explicabo quas. Officiis repudiandae recusandae laudantium quos amet.
266,9,53228,VIP,2025-06-12 07:48:51.721013,"Vero magnam animi officiis animi.
Officiis a deleniti illum officiis nisi fugit."
267,13,824473,얼리버드,2025-06-06 21:15:36.980593,At necessitatibus consequuntur.
268,9,991136,슈퍼후원,2025-06-09 10:56:05.293116,Officiis aspernatur odio sunt voluptas. Alias nostrum dolore maxime recusandae placeat cupiditate.
269,15,735747,일반,2025-06-07 20:04:15.068641,Recusandae odit rem officia. Magnam odit nostrum totam dolorum veniam. Impedit et dolorem.
270,28,902301,일반,2025-06-09 17:06:44.603794,Facilis sed provident magni illum fugit repudiandae. Laborum error officia tempore quod fuga vitae.
271,14,514669,VIP,2025-06-07 02:17:05.646621,Vero occaecati vel quae recusandae.
272,14,733300,슈퍼후원,2025-06-07 19:41:57.987844,Unde nesciunt nulla quam. Quo voluptate dolorum accusamus quibusdam.
273,4,911719,슈퍼후원,2025-06-06 14:42:58.338641,Quibusdam incidunt eaque ipsa. Eos esse accusamus quod.
274,29,431161,얼리버드,2025-06-08 11:58:37.136597,Asperiores atque animi. Eveniet quod aspernatur veritatis.
275,17,877168,슈퍼후원,2025-06-10 20:32:18.100130,Neque ex maxime deleniti non rem excepturi. Velit quaerat assumenda tempore.
276,17,586711,얼리버드,2025-06-09 15:25:20.846562,Recusandae possimus fugiat delectus. Nobis libero tenetur deleniti.
277,16,858535,슈퍼후원,2025-06-11 06:20:50.167610,Quas reiciendis assumenda vero nisi. Consectetur fuga officiis nam eius. Velit amet deserunt minus.
278,21,143885,슈퍼후원,2025-06-07 05:08:38.073036,Recusandae dignissimos quam fugit blanditiis dolorum. Sint maxime beatae saepe architecto.
279,21,35425,얼리버드,2025-06-10 10:52:27.914596,Dolor rerum veritatis ullam sequi libero. Accusamus sapiente atque.
280,11,258760,VIP,2025-06-11 03:57:00.358265,Est consectetur culpa similique totam commodi.
281,16,744118,VIP,2025-06-08 22:12:38.054993,Amet expedita id a atque fugiat. Impedit cum magni sapiente.
282,2,485323,얼리버드,2025-06-09 04:40:22.732402,Ipsa reprehenderit vero ex sunt cupiditate. Iure sunt debitis amet commodi voluptatum.
283,6,610683,얼리버드,2025-06-11 05:09:43.005341,Veniam id recusandae deserunt perspiciatis. Hic debitis iure tempora ad assumenda.
284,30,973206,일반,2025-06-09 17:30:25.940622,Distinctio maiores neque a aut error. Voluptatum deserunt placeat vel itaque impedit pariatur.
285,3,125283,VIP,2025-06-08 08:23:56.815164,Voluptas necessitatibus odit nesciunt veritatis sed sit. Atque est at soluta voluptatem architecto.
286,4,590355,일반,2025-06-10 18:32:33.434250,Eligendi debitis explicabo sed. Facilis hic dolore distinctio.
287,6,439288,슈퍼후원,2025-06-10 11:58:42.986889,Consequatur nesciunt labore inventore at eaque eligendi doloremque. Quos vero nobis aliquam.
288,25,765451,일반,2025-06-06 19:36:19.965117,Deleniti labore non repudiandae quis quod. Repudiandae magni molestias.
289,17,799280,슈퍼후원,2025-06-11 13:07:36.901498,Optio expedita voluptate cupiditate repellendus sunt quo.
290,23,651321,슈퍼후원,2025-06-08 15:02:43.129632,Expedita dolor provident totam quis. Corporis voluptas doloremque ipsam libero.
291,17,33996,슈퍼후원,2025-06-08 14:49:30.255233,Dolorem earum eligendi quo incidunt voluptatum ratione. Assumenda earum sit doloribus.
292,17,316848,VIP,2025-06-08 10:21:21.669041,Qui laborum cumque. Illum voluptas sit corporis dolor. Soluta officia assumenda sed.
293,3,396753,VIP,2025-06-09 15:10:47.512460,Quidem sapiente quas illum quo. Perspiciatis delectus facilis accusantium delectus nobis.
294,24,23202,VIP,2025-06-10 08:51:35.674878,Rerum cumque repudiandae nesciunt suscipit eum inventore. Asperiores perferendis occaecati.
295,15,107729,VIP,2025-06-06 10:38:12.098344,Quod ipsa commodi voluptatem. Officiis laudantium impedit mollitia.
296,4,997864,일반,2025-06-09 20:14:58.920635,Alias voluptate harum veniam. Quos quia eligendi officiis tenetur nihil.
297,12,763035,VIP,2025-06-11 14:15:52.444199,Aliquid explicabo veritatis ut optio.
298,17,604400,슈퍼후원,2025-06-10 12:15:11.020011,Cupiditate porro iusto doloremque pariatur.
299,19,500947,일반,2025-06-07 17:56:58.791952,Ipsa sunt at. Fuga et reiciendis perspiciatis a quidem.
300,16,787877,얼리버드,2025-06-12 05:36:36.437160,Quae deleniti natus ducimus recusandae. Fuga sequi ipsa.
