reward_id,project_id,reward_amount,reward_tier,reward_name
1,30,305240,슈퍼후원,이진호
2,11,160330,일반,민예원
3,10,645877,일반,윤도현
4,28,985416,VIP,황하윤
5,6,838207,얼리버드,최재현
6,11,430460,슈퍼후원,김예지
7,3,630367,얼리버드,박영일
8,15,517786,일반,서현주
9,10,711199,얼리버드,이지혜
10,2,295922,얼리버드,김영진
11,22,108791,VIP,김혜진
12,17,569254,슈퍼후원,남준호
13,29,382747,슈퍼후원,이영환
14,26,737235,일반,고명자
15,18,239013,일반,이영일
16,22,109488,VIP,김숙자
17,21,187664,얼리버드,김혜진
18,21,767621,슈퍼후원,안준호
19,20,997123,VIP,황영환
20,1,663682,슈퍼후원,윤병철
21,7,408327,슈퍼후원,최광수
22,10,828958,슈퍼후원,강경숙
23,24,311027,VIP,김예준
24,26,723001,일반,김재현
25,2,810329,슈퍼후원,김은서
26,30,273703,얼리버드,한유진
27,18,29366,VIP,하경자
28,29,689575,VIP,홍지민
29,12,795847,일반,백상철
30,7,746459,VIP,이혜진
31,17,61884,일반,이민서
32,11,81545,얼리버드,지승민
33,9,950007,VIP,이숙자
34,17,767987,VIP,김정순
35,11,848516,VIP,김수빈
36,25,875949,일반,배상훈
37,7,635128,슈퍼후원,류수민
38,8,358729,일반,김보람
39,19,862935,VIP,박영철
40,5,804614,VIP,박예지
41,20,223511,VIP,김지훈
42,12,67668,얼리버드,윤우진
43,6,120178,얼리버드,이영자
44,16,653936,얼리버드,박도현
45,6,982160,VIP,장성수
46,27,745282,일반,강영호
47,1,309234,슈퍼후원,서지현
48,10,303377,VIP,윤선영
49,30,260763,슈퍼후원,김옥자
50,18,383764,일반,윤정숙
51,8,606869,VIP,박준영
52,24,546238,슈퍼후원,김지현
53,13,104199,일반,차지원
54,30,985902,슈퍼후원,김성호
55,28,215518,얼리버드,강영길
56,23,308841,슈퍼후원,지은서
57,21,152402,VIP,백명자
58,13,10152,일반,이경희
59,8,376491,슈퍼후원,최지영
60,22,657128,일반,김지민
61,22,978022,VIP,유지은
62,13,876075,일반,김은정
63,15,177509,슈퍼후원,이승민
64,1,635143,VIP,이현지
65,2,230001,얼리버드,김혜진
66,4,858878,슈퍼후원,김성현
67,23,245586,VIP,김정순
68,5,894993,일반,황춘자
69,1,401518,VIP,강지영
70,30,780299,VIP,심은서
71,4,160612,VIP,김옥순
72,16,463039,일반,장승민
73,21,246465,일반,권지혜
74,26,75006,슈퍼후원,이경수
75,5,405188,VIP,황준영
76,13,449813,VIP,이성현
77,19,306585,일반,안영진
78,1,204569,VIP,이은정
79,20,420565,얼리버드,박유진
80,15,942251,얼리버드,곽지원
81,19,815828,슈퍼후원,김영수
82,7,456859,슈퍼후원,김보람
83,16,75008,얼리버드,이은지
84,26,589785,일반,임영환
85,30,488992,일반,이영환
86,3,751376,일반,박민재
87,20,608840,슈퍼후원,허미경
88,3,449783,얼리버드,강정남
89,5,929772,슈퍼후원,백서윤
90,3,847397,VIP,곽민재
91,6,275079,얼리버드,박하윤
92,11,854021,일반,강성수
93,5,920801,슈퍼후원,김아름
94,30,347911,얼리버드,김현우
95,6,714164,VIP,김서준
96,4,713253,슈퍼후원,박경숙
97,17,661346,얼리버드,김서준
98,29,232719,VIP,김성수
99,1,371451,일반,박지아
100,9,614890,슈퍼후원,이성민
101,12,887886,일반,박성현
102,18,518715,VIP,박광수
103,11,863110,일반,주민서
104,28,335534,얼리버드,이민서
105,18,717514,일반,이도현
106,6,620545,슈퍼후원,황채원
107,17,430973,VIP,김동현
108,24,616630,얼리버드,김영호
109,12,570893,슈퍼후원,김영숙
110,16,925604,얼리버드,황수진
111,5,263274,얼리버드,김준호
112,1,852608,슈퍼후원,권진우
113,18,578093,VIP,박춘자
114,14,55178,얼리버드,이성호
115,22,642589,VIP,이지후
116,7,451756,슈퍼후원,서미경
117,2,173339,슈퍼후원,최예준
118,14,191150,얼리버드,고채원
119,26,177231,VIP,이진호
120,29,447025,얼리버드,김미숙
121,29,262740,슈퍼후원,장예원
122,30,249286,슈퍼후원,김경자
123,4,611647,슈퍼후원,안민수
124,1,379059,일반,박진호
125,23,947712,슈퍼후원,김예은
126,13,305087,얼리버드,이지연
127,6,580916,VIP,오영식
128,8,307375,VIP,장지은
129,15,476085,얼리버드,이시우
130,27,648921,일반,양정훈
131,25,345928,슈퍼후원,손유진
132,20,621407,VIP,장예준
133,17,911655,얼리버드,장진우
134,10,673495,슈퍼후원,서성훈
135,10,834689,얼리버드,박미영
136,18,789549,VIP,박미숙
137,15,468548,얼리버드,김수진
138,28,765475,슈퍼후원,전준호
139,23,576845,얼리버드,박미정
140,3,400619,슈퍼후원,김진호
141,4,392072,일반,박명자
142,16,177598,슈퍼후원,최정희
143,15,269210,일반,강현지
144,22,346335,VIP,김승현
145,5,508143,VIP,최은주
146,27,153719,VIP,김현지
147,24,815880,일반,김서윤
148,4,837263,일반,박성호
149,23,714959,일반,이준서
150,23,871863,일반,김미경
151,24,133721,일반,김정훈
152,11,202681,VIP,류영식
153,24,540553,일반,서상호
154,2,742900,슈퍼후원,이도윤
155,9,531132,얼리버드,장정훈
156,26,447633,일반,박보람
157,3,460351,얼리버드,이정식
158,14,256732,슈퍼후원,윤예은
159,1,791428,일반,손성호
160,10,281566,VIP,박채원
161,13,782043,얼리버드,류경자
162,12,86444,VIP,백상현
163,10,767494,일반,최지은
164,10,745256,슈퍼후원,박지후
165,4,275963,얼리버드,노은영
166,10,419265,슈퍼후원,김성민
167,18,936310,VIP,최영환
168,12,242213,VIP,이현주
169,18,266934,VIP,송옥자
170,16,870996,VIP,김경수
171,2,364421,일반,한지원
172,25,244493,일반,신지혜
173,1,228818,얼리버드,남진우
174,9,797490,VIP,황경숙
175,17,263132,슈퍼후원,이윤서
176,3,447080,일반,김지훈
177,28,494757,일반,박영환
178,9,107172,슈퍼후원,김지후
179,19,208759,일반,권정희
180,30,39960,일반,이예은
181,6,427259,일반,허정호
182,7,695469,VIP,김우진
183,10,767123,슈퍼후원,박하은
184,19,23299,VIP,서종수
185,8,168578,VIP,신도윤
186,22,958281,일반,박지훈
187,17,713588,VIP,김민재
188,8,862481,일반,주지혜
189,7,801652,슈퍼후원,김민서
190,10,289501,슈퍼후원,배정식
191,6,734204,VIP,유채원
192,24,326114,얼리버드,박영일
193,23,366393,슈퍼후원,김민석
194,13,868318,일반,송은경
195,12,507391,일반,최진호
196,10,551904,슈퍼후원,박은지
197,28,473143,얼리버드,양은지
198,28,692582,VIP,황서윤
199,16,949375,VIP,나종수
200,2,985453,VIP,박미경
201,28,643248,VIP,박윤서
202,30,385936,얼리버드,김은영
203,12,770293,얼리버드,박영수
204,1,717048,슈퍼후원,문진호
205,21,453894,얼리버드,이정식
206,29,979360,얼리버드,구도윤
207,5,718430,얼리버드,권예은
208,25,551403,VIP,김정순
209,16,980457,슈퍼후원,강경자
210,9,632266,VIP,강옥자
211,2,71597,일반,김상현
212,24,179185,VIP,김현준
213,30,220253,얼리버드,박우진
214,27,718347,얼리버드,김수빈
215,9,135334,VIP,고경희
216,30,187159,슈퍼후원,이영자
217,5,965570,일반,양정웅
218,13,150728,일반,엄지민
219,7,794960,얼리버드,이영환
220,30,67523,얼리버드,김영식
221,20,46184,VIP,류정남
222,14,641301,슈퍼후원,배진호
223,16,288068,VIP,장지후
224,19,723615,VIP,박상호
225,11,804386,슈퍼후원,한건우
226,16,856600,일반,권지우
227,15,127457,슈퍼후원,한미경
228,13,590944,VIP,김보람
229,8,943465,일반,최수진
230,5,999581,VIP,서준영
231,16,61182,얼리버드,신민수
232,6,419392,VIP,김현주
233,28,177273,슈퍼후원,최하은
234,17,8577,VIP,이혜진
235,12,763853,슈퍼후원,김현우
236,6,973081,일반,김민수
237,8,736454,슈퍼후원,이경자
238,10,572464,VIP,김지은
239,29,13022,얼리버드,이영숙
240,8,560511,얼리버드,윤서영
241,14,946272,얼리버드,우예준
242,16,164281,얼리버드,김병철
243,20,651550,일반,장영호
244,4,749161,VIP,이정순
245,1,744888,일반,김수민
246,5,771497,얼리버드,박아름
247,7,845115,VIP,최도윤
248,28,976743,VIP,김상호
249,8,395714,슈퍼후원,박시우
250,24,323976,얼리버드,김현숙
251,7,75757,일반,최영식
252,7,147659,일반,이현주
253,2,410336,슈퍼후원,최영순
254,7,79097,슈퍼후원,이준호
255,7,313446,VIP,류하은
256,3,239662,VIP,김현숙
257,27,65602,일반,김상철
258,15,529043,VIP,손서준
259,30,469923,슈퍼후원,허상철
260,30,108866,일반,장민수
261,10,48896,얼리버드,김경희
262,15,122662,일반,박옥순
263,28,772927,얼리버드,윤경수
264,26,506842,일반,신준서
265,23,343887,슈퍼후원,이영수
266,9,53228,VIP,김지민
267,13,824473,얼리버드,이미경
268,9,991136,슈퍼후원,박옥순
269,15,735747,일반,박예지
270,28,902301,일반,김영일
271,14,514669,VIP,엄은영
272,14,733300,슈퍼후원,황정숙
273,4,911719,슈퍼후원,최정훈
274,29,431161,얼리버드,김수민
275,17,877168,슈퍼후원,장성호
276,17,586711,얼리버드,김성훈
277,16,858535,슈퍼후원,안윤서
278,21,143885,슈퍼후원,이아름
279,21,35425,얼리버드,김성호
280,11,258760,VIP,박정숙
281,16,744118,VIP,이종수
282,2,485323,얼리버드,노영순
283,6,610683,얼리버드,최영길
284,30,973206,일반,고정웅
285,3,125283,VIP,홍명숙
286,4,590355,일반,강정희
287,6,439288,슈퍼후원,김건우
288,25,765451,일반,이경수
289,17,799280,슈퍼후원,이광수
290,23,651321,슈퍼후원,성도윤
291,17,33996,슈퍼후원,백민석
292,17,316848,VIP,김영순
293,3,396753,VIP,황도윤
294,24,23202,VIP,이순자
295,15,107729,VIP,윤예원
296,4,997864,일반,김현준
297,12,763035,VIP,조서현
298,17,604400,슈퍼후원,이보람
299,19,500947,일반,배숙자
300,16,787877,얼리버드,엄동현
